Kode Soal,jawaban,skor,pertanyaan,rubrik
1,Mechine Learing adalah otak,0,Jelaskan apa yang dimaksud dengan Machine Learning?,
2,"- Supervised Learning
- Deep learning",5,Jelaskan jenis-jenis dari machine learning?,
3,Data adalah sekumpulan informasi awal untuk sebuah kebutuhan machine,5,Apa yang dimaksud dengan data?,
4,Data set adalah sekumpulan data (Informasi) mentah yang akan diolah,10,Apa yang dimaksud dengan dataset?,
5,Preprocessing dataset adalah proses pengelolaan/pengecekan kualitas data,0,Apa yang dimaksud dengan Preprocessing Dataset?,
6,Augmented dataset adalah Penyelekkan kemiripan data yang telah terkumpul contoh nya menyelek kemiripan gambar,0,Jelaskan apa yang dimaksud dengan Augmented Dataset dan Berikan contoh metode yang digunakan untuk melakukan Augmented Dataset?,
7,"-
- Algoritma Clasification adalah tahap mengklasifikasi data yang telah terkumpul
- Algoritma clustering adalah tahap pengelompokkan data yang telah terkumpul",5,"Jelaskan apa yang dimaksud dengan Algoritma Regression, Classification dan Clustering?",
1,Machine Learning adalah costum ai yang memungkinkan komputer belajar dari data yang diberikan tanpa program,10,Jelaskan apa yang dimaksud dengan Machine Learning?,
2,"Supervised learning adalah belajar data mengunakan label 
unsuversed learning adalah belajar tanpa menggunakan label",10,Jelaskan jenis-jenis dari machine learning?,
3,Data adalah sekumpulan Fakta atau informasi yang diolah,10,Apa yang dimaksud dengan data?,
4,Dataset adalah sebuah data yang tersusun dalam label atau file yang digunakan sebagai bahan,5,Apa yang dimaksud dengan dataset?,
5,Processing dataset adalah membersihkan dan mengumpulkan data yang akan digunakan,10,Apa yang dimaksud dengan Preprocessing Dataset?,
6,"Augmented dataset adalah data yang dimodifikasi atau di perbaharui
Contoh :",0,Jelaskan apa yang dimaksud dengan Augmented Dataset dan Berikan contoh metode yang digunakan untuk melakukan Augmented Dataset?,
7,"Algoritma regression adalah untuk memprediksi nilai numerik 
clasification adalah mengelompokkan data ke kelas tertentu clustering adalah mengelompokkan data berdasarkan kemiripan label",10,"Jelaskan apa yang dimaksud dengan Algoritma Regression, Classification dan Clustering?",
8,Metode evaluasi,0,"Jelaskan Metode evaluasi yang sesuai dengan algoritma Regression, Classification dan Clustering?",
1,Sebuah lanjutan kecerdasan buatan untuk menambah algoritma komputer dalam memproses data.,5,Jelaskan apa yang dimaksud dengan Machine Learning?,
2,"- Supervised learning : model belajar menggunakan data yang telah dilabel
- unsupervised learning : model yang belajar data tanpa label
- semi supervised :",5,Jelaskan jenis-jenis dari machine learning?,
3,Data adalah sekumpulan informasi atau fakta yang dikumpukan dan dianalisakan sehingga menjadi olahan informasi yang disebut data,10,Apa yang dimaksud dengan data?,
4,"Dataset adalah sekumpulan data atau bahan untuk data ingin menguji atau mencoba metode"" yang ada pada machine learning",10,Apa yang dimaksud dengan dataset?,
5,Preprocessing Dataset adalah proses untuk membuat dataset lebih mudah di mengenali atau dipaki oleh mesin,5,Apa yang dimaksud dengan Preprocessing Dataset?,
6,"Augmen dataset adalah model yang memahami citra lebih besar dan lebih jelas
contoh metodenya: Smotee-ENN",0,Jelaskan apa yang dimaksud dengan Augmented Dataset dan Berikan contoh metode yang digunakan untuk melakukan Augmented Dataset?,
7,"Regresi : adalah algoritma yang bertujuan tung meregresi
clasification: adalah algoritma yang dibuat agar bisa membatu satu sama lain
clustering: algoritma yang perkelompok",0,"Jelaskan apa yang dimaksud dengan Algoritma Regression, Classification dan Clustering?",
8,evaluasi : sangat cocok untuk ketiga algoritma itu karena model ini menjadikan sebuah dataset lebih mudah dipahami,0,"Jelaskan Metode evaluasi yang sesuai dengan algoritma Regression, Classification dan Clustering?",
9,"menghitung: keburaman, menghitung noise, warna dan lainn2",0,Jelaskan bagaimana cara kerja metode K Means Clustering?,
10,biasanya dia menggunakan rumus setelah itu nanti dataset bakal menentukan nilainya,0,Jelaskan Bagaimana menentukan nilai K awal dalam metode K Means Clustering?,
1,Machine learning adalah komputer mempelajari dari data,10,Jelaskan apa yang dimaksud dengan Machine Learning?,
2,"- supervised learning
- unsupervised learning
-
-",5,Jelaskan jenis-jenis dari machine learning?,
3,Data adalah fakta mentah yang belum diolah,10,Apa yang dimaksud dengan data?,
4,Dataset adalah data atau fakta untuk di training dan siap digunakan,10,Apa yang dimaksud dengan dataset?,
5,preprocessing dataset adalah menyiapkan dataset untuk diproses/digunakan,5,Apa yang dimaksud dengan Preprocessing Dataset?,
6,Augmented Dataset menambahkan validasi data,5,Jelaskan apa yang dimaksud dengan Augmented Dataset dan Berikan contoh metode yang digunakan untuk melakukan Augmented Dataset?,
7,"- Algoritma classification → mengklasifikasi data berdasarkan jenisnya atau memilah-milah data
- Algoritma clustering → mengclusterkan atau mengelompokkan data
- Algoritma Regression →",5,"Jelaskan apa yang dimaksud dengan Algoritma Regression, Classification dan Clustering?",
1,"Machine learning adalah teknik yang memungkinkan komputer belajar dari data yang diberikan, kemudian digunakan untuk memprediksi, mengklusterisasi, dll.",10,Jelaskan apa yang dimaksud dengan Machine Learning?,
2,"machine learning terbagi menjadi 2 yaitu supervised learning dan unsupervised learning
a. supervised learning: datanya sudah berlabel
b. unsupervised learning: datanya tidak berlabel",10,Jelaskan jenis-jenis dari machine learning?,
3,"Data ialah sekumpulan informasi, dan fakta dalam berbagai bentuk dan bisa diolah",10,Apa yang dimaksud dengan data?,
4,Dataset ialah sekumpulan data yang sudah dilabeli,10,Apa yang dimaksud dengan dataset?,
5,"Preprosesing dataset ialah proses sebelum dataset benar-benar siap dipakai, contoh prosesnya ialah resize yaitu menyamakan ukuran gambar, rescale, untuk mengolah piksel gambar, kemudian juga menghilangk noise",10,Apa yang dimaksud dengan Preprocessing Dataset?,
6,"Augmented Dataset ialah teknik membuat data menjadi bervariasi.
Contohnya data diputar balik arahnya, bisa klip, kemudian data gambar rotatenya diatur sedemikian rupa",10,Jelaskan apa yang dimaksud dengan Augmented Dataset dan Berikan contoh metode yang digunakan untuk melakukan Augmented Dataset?,
7,"a. Algoritma Regression ialah algoritma yang memprediksi, umumnya memprediksi nilai, seperti memprediksi harga rumah
b. Algoritma Classification adalah algoritma yang tujuannya mengelompokkan, algoritma ini mempunyai dataset berlabel, contohnya memakai helm atau tidak memakai helm.
c. algoritma Clustering ialah algoritma yang mengelompokkan berdasarkan kemiripan karakteristiknya. Algoritma ini tidak mempunyai label.",10,"Jelaskan apa yang dimaksud dengan Algoritma Regression, Classification dan Clustering?",
8,"a. evaluasi classification: presisi, accuracy, f1 score, recall
b. evaluasi Clustering: DBI, CH
c. evaluasi Regression:",5,"Jelaskan Metode evaluasi yang sesuai dengan algoritma Regression, Classification dan Clustering?",
9,metode K Means Clustering ialah metode yang mengelompokkan data dengan menentukan nilai k sebagai jumlah klusternya,5,Jelaskan bagaimana cara kerja metode K Means Clustering?,
10,nilai k awal pada metode K Means Clustering ditentukan dengan elbow method yaitu dengan mempertimbangkan kategori-kategori cluster yang akan dibuat,10,Jelaskan Bagaimana menentukan nilai K awal dalam metode K Means Clustering?,
1,"Cabang dari kecerdasan buatan yang memungkinkan komputer untuk belajar dari data untuk mengenali pola, membuat prediksi, atau mengambil keputusan tanpa diprogram secara eksplisit",10,Jelaskan apa yang dimaksud dengan Machine Learning?,
2,"Supervised learning → Model belajar menggunakan data ber label
Unsupervised learning → Model belajar dari data tanpa label
Semi-supervised → Model belajar dari data berlabel dan tanpa label
Reinforcement learning → Model belajar dari system reward dan punishment",10,Jelaskan jenis-jenis dari machine learning?,
3,Data merupakan sebuah informasi faktual,5,Apa yang dimaksud dengan data?,
4,Dataset merupakan sekumpulan data yang telah disusun dengan ter-struktur,10,Apa yang dimaksud dengan dataset?,
5,Pre-processing dataset merupakan proses untuk membuat dataset yang lebih mudah dipahami oleh mesin/model,5,Apa yang dimaksud dengan Preprocessing Dataset?,
6,Adalah proses menambah variasi data dengan memodifikasi data asli tanpa mengubah data aslinya. Contohnya Rotasi dan zoom,10,Jelaskan apa yang dimaksud dengan Augmented Dataset dan Berikan contoh metode yang digunakan untuk melakukan Augmented Dataset?,
7,"Regresi → Memprediksi nilai numerik atau kontinu
Classification → mengelompokkan data ke dalam kelas ata kategori tertentu (supervised)
Clustering → Mengelompokkan data berdasarkan kemiripan tanpa menggunakan label",10,"Jelaskan apa yang dimaksud dengan Algoritma Regression, Classification dan Clustering?",
8,"Regression → MAE
Classification → confusion matrix
Clustering → DBI",5,"Jelaskan Metode evaluasi yang sesuai dengan algoritma Regression, Classification dan Clustering?",
9,"- Tentukan jumlah K
- Pilih k centroid
- Hitung jarak setiap data ke centroid, lalu masukkan data ke cluster dengan centroid terdekat
- Hitung ulang posisi centroid berdasarkan rata-rata data pada setiap cluster 
- Ulangi proses pengelompokkan dan perhitungan centroid",10,Jelaskan bagaimana cara kerja metode K Means Clustering?,
1,"Machine learning adalah teknik komputer dari data untuk mengenali pola, membuat prediksi, dan mengambil keputusan",5,Jelaskan apa yang dimaksud dengan Machine Learning?,
2,"Jenis-jenis machine learning 
a. Supervised learning: data yang sudah memiliki label dan digunakan untuk prediksi
b. Unsupervised learning : data yang belum memiliki label",10,Jelaskan jenis-jenis dari machine learning?,
3,Data adalah bahan yang digunakan machine learning untuk praktikam seperti membuat prediksi,0,Apa yang dimaksud dengan data?,
4,Dataset adalah sekumpulan data yang tersusun secara terstruktur dan untuk mendapatkan informasi.,10,Apa yang dimaksud dengan dataset?,
5,"Processing dataset adalah proses mengolah data, menjadi data yang terstruktur, bersih tanpa noise.",10,Apa yang dimaksud dengan Preprocessing Dataset?,
6,Augmented dataset adalah dataset hasil modifikasi,0,Jelaskan apa yang dimaksud dengan Augmented Dataset dan Berikan contoh metode yang digunakan untuk melakukan Augmented Dataset?,
7,"- Regression adalah algoritma yang digunakan untuk mencari nilai 
- Classification algoritma adalah mengelompokkan yang belum memiliki tujuan akhir
- Clustering adalah mengelompokkan menyelesaikan masalah yang sudah meliki kelompok yang jelas dan memiliki tujuan",5,"Jelaskan apa yang dimaksud dengan Algoritma Regression, Classification dan Clustering?",
8,"- Metode evaluasi classification adalah SVM
- Metode evaluasi clustering adalah K-Means Clustering
- Metode evaluasi regresi adalah linear regression",0,"Jelaskan Metode evaluasi yang sesuai dengan algoritma Regression, Classification dan Clustering?",
9,"a.) Menentukan nilai K awal
b.) Mencari nilai K-awal
c.) Memproses nilai K-awal",10,Jelaskan bagaimana cara kerja metode K Means Clustering?,
10,Dengan cara mencari nilai tengah yang akan digunakan pada dataset,0,Jelaskan Bagaimana menentukan nilai K awal dalam metode K Means Clustering?,
1,Machine learning adalah metode machine menggunakan AI,0,Jelaskan apa yang dimaksud dengan Machine Learning?,
3,Data adalah sekumpulan informasi yang disatukan menjadi sebuah data,5,Apa yang dimaksud dengan data?,
4,Dataset adalah sekumpulan data yang dikelompokkan berdasarkan jenisnya,5,Apa yang dimaksud dengan dataset?,
7,"- Classification adalah metode supervised learning yang digunakan untuk memprediksi kelas atau kategori dari suatu data berdasarkan pola yang dipelajari
- Clustering adalah metode yang digunakan untuk mengelompokkan data berdasarkan kemiripan karakteristik tanpa menggunakan label",5,"Jelaskan apa yang dimaksud dengan Algoritma Regression, Classification dan Clustering?",
8,"Teknik Evaluasi Clustering
- Silhoulette score : Nilai antara -1 sampai 1
- Daries - Bouldin Index : Mengukur rata"" rasio jarak antar cluster
- Callinski - Harabase Index: menghitung perbandingan jarak antar cluster dan dalam cluster
- Insertia = Jumlah jarak kuadrat data terhadap cetroid
Teknik evaluasi dalam classification
- Accuracy = proporsi prediksi benar
- Precision = ketepatan prediksi positif
- Recall = kemampuan menemukan semua positif
- F1-Score : Kombinasi precision dan recall
- Confussion Matrix: tabel untuk evaluasi detail",10,"Jelaskan Metode evaluasi yang sesuai dengan algoritma Regression, Classification dan Clustering?",
9,"Cara kerja nilai K-Means pada clustering adalah dia akan mengelompokkan datanya kemudian menentukan jumlah terbaiknya langkah-langkahnya:
1. Jalankan K-means dengan beberapa nilai K
2. Hitung nilai WCSS setiap K
3. Buat grafik K VS WCSS
4. Pilih titik siku (elbow sebagai jumlah cluster terbaik",5,Jelaskan bagaimana cara kerja metode K Means Clustering?,
10,[Gambar] adalah titik dimana penurunan WCSS mulai melambat. Titik tersebut menunjukkan jumlah cluster terbaik,10,Jelaskan Bagaimana menentukan nilai K awal dalam metode K Means Clustering?,
1,Machine learning adalah cabang AI yang memungkinkan komputer belajar dari data untuk membuat prediksi atau keputusan tanpa diprogram secara langsung,10,Jelaskan apa yang dimaksud dengan Machine Learning?,
2,"Jenis jenis machine learning 
→ supervised learning = menggunakan data berlabel, 
→ unsupervised learning = menggunakan data tanpa label, 
→ reinforcement learning = model belajar menulis sistem reward dan punishment",10,Jelaskan jenis-jenis dari machine learning?,
3,"data adalah sekumpulan fakta, informasi mentah yang dapat diolah menjadi informasi yang berguna",10,Apa yang dimaksud dengan data?,
4,Dataset adalah kumpulan data yang disusun dalam satu tempat dan digunakan untuk proses analisis atau pelatihan model machine learning,10,Apa yang dimaksud dengan dataset?,
5,Preprocessing dataset adalah proses membersihkan dan menyiapkan data sebelum digunakan,10,Apa yang dimaksud dengan Preprocessing Dataset?,
6,"Aligmented dataset adalah teknik menambah variasi data tanpa mengumpulkan sata baru agar model lebih akurat, contohnya rotasi gambar, flip",10,Jelaskan apa yang dimaksud dengan Augmented Dataset dan Berikan contoh metode yang digunakan untuk melakukan Augmented Dataset?,
7,"Algoritma Regression → digunakan untuk memprediksi nilai angka
Classification → digunakan untuk mengelompokkan data ke dalam kelas 
Clustering → digunakan untuk mengelompokkan data berdasarkan kemiripan",5,"Jelaskan apa yang dimaksud dengan Algoritma Regression, Classification dan Clustering?",
1,Machine learning adalah adalah cabang dari Artificial Intelegent (AI) yang memungkinkan komputer belajar dari data untuk membuat prediksi / keputusan tanpa dipegang secara langsung,10,Jelaskan apa yang dimaksud dengan Machine Learning?,
2,"Jenis Machine learning ada 3: 
→ Supervised learning : menggunakan data berlabel
→ Unsupervised learning : menggunakan data tidak berlabel
→ Reinformoment learning : model belajar melalui sistem reward dan punishment",10,Jelaskan jenis-jenis dari machine learning?,
3,"Data adalah sekumpulan fakta, angka, gambar dan teks atau informasi mentah yang dapat diolah menjadi informasi yang berguna",10,Apa yang dimaksud dengan data?,
4,Dataset adalah kumpulan data yang tersusun dalam bentuk tabel atau struktur tertentu dan digunakan dan digunakan sebagai bahan pelatihan maupun pengian model,10,Apa yang dimaksud dengan dataset?,
5,Preprocessing dataset adalah proses menyiapkan data sebelum digunakan untuk melatih model,5,Apa yang dimaksud dengan Preprocessing Dataset?,
6,"- Augmented dataset adalah data yang diperbanyak atau dimodifikasi untuk meningkatkan jumlah dan variasi data
- Contoh metode yang digunakan untuk melakukan augmented dataset 
1. Rotasi gambar 2. Zoom, 3. Crop, dll",10,Jelaskan apa yang dimaksud dengan Augmented Dataset dan Berikan contoh metode yang digunakan untuk melakukan Augmented Dataset?,
7,"- Algoritma regression adalah
- Classification adalah
- Clustering adalah",0,"Jelaskan apa yang dimaksud dengan Algoritma Regression, Classification dan Clustering?",
8,"Metode evaluasi yang sesuai dengan algoritma
- regression : MAT
- classification : Accuracy, Presession
- clustering : Silhoute score",5,"Jelaskan Metode evaluasi yang sesuai dengan algoritma Regression, Classification dan Clustering?",
9,"- menentukan jumlah cluster (k)
- memilih centroid awal
- menghitung jarak
- mengelompokkan data
- menghitung ulang
- mengulangi proses",10,Jelaskan bagaimana cara kerja metode K Means Clustering?,
2,"Jenis jenis dari machine learning:
→ Supervised learning : menggunakan data berlabel
→ Unsupervised learning : menggunakan data tanpa berlabel
→ Reinformoment learning : model belajar melalui sistem reward dan punishment",10,Jelaskan jenis-jenis dari machine learning?,
3,"Data adalah sekumpulan fakta, informasi mentah yang dapat diolah menjadi informasi yang berguna",10,Apa yang dimaksud dengan data?,
6,"Aligmented dataset adalah teknik menambah variasi data tanpa mengumpulkan data baru agar model lebih akurat
contohnya, rotasi gambar, flip",10,Jelaskan apa yang dimaksud dengan Augmented Dataset dan Berikan contoh metode yang digunakan untuk melakukan Augmented Dataset?,
1,Machine learning adalah cabang ai yang membuat komputer dapat belajar dari data untuk memuat prediksi atau keputusan tanpa diprogram secara langsung,10,Jelaskan apa yang dimaksud dengan Machine Learning?,
2,"Jenis - jenis machine learning
- Supervised learning → menggunakan data berlabel
- Unsupervised learning → menggunakan data tanpa tabel
- Reinformant learning → belajar dari reward dan punishment",10,Jelaskan jenis-jenis dari machine learning?,
3,Data adalah sekumpulan fakta atau informasi yang dapat diolah menjadi informasi yang berguna,10,Apa yang dimaksud dengan data?,
4,Dataset adalah kumpulan data yang digunakan untuk proses pelatihan dan pengujian model,10,Apa yang dimaksud dengan dataset?,
5,Preprocessing dataset adalah proses membersihkan dan menyiapkan data agar siap digunakan dalam machine learning,10,Apa yang dimaksud dengan Preprocessing Dataset?,
6,"Augmented dataset adalah data yang diperbanyak dengan memodifikasi data asli untuk meningkatkan jumlah dan variasi data
contoh: rotasi, crop, zoom, dan penambahan noise",10,Jelaskan apa yang dimaksud dengan Augmented Dataset dan Berikan contoh metode yang digunakan untuk melakukan Augmented Dataset?,
7,"- Regression adalah memprediksi sebuah nilai numerik
- Clasification adalah mengelompokkan data berdasarkan kemiripan tanpa label
- Clustering adah",5,"Jelaskan apa yang dimaksud dengan Algoritma Regression, Classification dan Clustering?",
1,"Machine learning adalah teknologi yang bisa proses dan mengolah data, dan prediksi akurasi",5,Jelaskan apa yang dimaksud dengan Machine Learning?,
2,"Supervised learning, unsupervised learning, rainforcement learning",10,Jelaskan jenis-jenis dari machine learning?,
3,Data adalah bahan untuk kemudian diolah dan diproses oleh machine learning,0,Apa yang dimaksud dengan data?,
4,Dataset adalah bahan mentah untuk dipelajari dan dapat diproses oleh machine learning,5,Apa yang dimaksud dengan dataset?,
5,"Preprocessing dataset adalah langkah atau tahapan yang dilakukan machine learning contohnya resize, rescale",5,Apa yang dimaksud dengan Preprocessing Dataset?,
7,"Regression (prediksi nilai)
Classification (menentukan kelas)
Clustering (mengelompokkan data)",10,"Jelaskan apa yang dimaksud dengan Algoritma Regression, Classification dan Clustering?",
8,"Regression = MAE MSF
Classification = Accuracy
Clustering = Shihoute score",10,"Jelaskan Metode evaluasi yang sesuai dengan algoritma Regression, Classification dan Clustering?",
9,Tentukan K→garis centroid - kelompok data - hitung centroid baru - ulang hingga stabil,10,Jelaskan bagaimana cara kerja metode K Means Clustering?,
10,Cari jumlah cluster terbaik,5,Jelaskan Bagaimana menentukan nilai K awal dalam metode K Means Clustering?,
1,Machine learning adalah cabang ai yang membuat komputer dijalankan tanpa sebuah program,0,Jelaskan apa yang dimaksud dengan Machine Learning?,
2,"Jenis jenis machine learning:
Supervised learning:
Unsupervised learning:
Reinfor center learning:",5,Jelaskan jenis-jenis dari machine learning?,
3,Data adalah informasi data data mentah yang diolah menjadi informasi,0,Apa yang dimaksud dengan data?,
4,Dataset adalah kumpulan data data yang sudah di olah dan siap,10,Apa yang dimaksud dengan dataset?,
5,procesing dataset adalah suatu proses pengumpulan data yang siap untuk diolah oleh komputer,5,Apa yang dimaksud dengan Preprocessing Dataset?,
6,Augmented dataset adalah mengargumentasikan sebuah data yang sudah diolah dan siap dijalankan pada suatu sistem,5,Jelaskan apa yang dimaksud dengan Augmented Dataset dan Berikan contoh metode yang digunakan untuk melakukan Augmented Dataset?,
7,"Regresion:
Clasification: mengklasifikasi sebuah data kedalam suatu kelompok
Clustering: mengelompokkan sebuah data ke dalam satu class",5,"Jelaskan apa yang dimaksud dengan Algoritma Regression, Classification dan Clustering?",
8,"Metode evaluasi:
Regresion: MAE, RMSE
Clasification: accuracy, precision
Clustering: davies building - index",10,"Jelaskan Metode evaluasi yang sesuai dengan algoritma Regression, Classification dan Clustering?",
9,"cara kerja K-Means clustering:
- tentukan jumlah kluster
- pilih centroid awal
- kelompok kan data ke centroid
- hitung ulang centroid",10,Jelaskan bagaimana cara kerja metode K Means Clustering?,
10,cara menentukan nilai k ke dalam metode k-means clustering,0,Jelaskan Bagaimana menentukan nilai K awal dalam metode K Means Clustering?,
1,Machine learning adalah cabang ilmu pengetahuan kecerdasa buatan yang berfungsi untuk dijalankan di computer vision / industri guna untuk mengolah data,0,Jelaskan apa yang dimaksud dengan Machine Learning?,
2,"1) Supervised learning, yaitu menggunakan data berlabel
2) Unsupervised learning, yaitu menggunakan data tidak berlabel
3) semi-supervised learning, yaitu gabungan antara data berlabel dan tidak berlabel
4) Reinforcement learning, yaitu melatih agen mengambil keputusan sendiri dengan menerapkan sistem reward dan punishment sesuai lingkungan",10,Jelaskan jenis-jenis dari machine learning?,
3,Data adalah sekumpulan data yang sudah dievaluasi dan siap digunakan untuk pengujian,0,Apa yang dimaksud dengan data?,
4,dataset sekumpulan data yang sudah dievaluasi dan siap digunakan untuk pengujian,10,Apa yang dimaksud dengan dataset?,
5,Preprocessing dataset adalah tahap proses dataset untuk dipersiapkan dan disesuaikan guna untuk digunakan dan dijalankan sebelum proses tersebut,5,Apa yang dimaksud dengan Preprocessing Dataset?,
6,"Augmented dataset adalah dataset yang dimodifikasi. contoh metode yang digunakan untuk augmented dataset adalah Support Vector Machine (SVM), naive bayes dan k - means clustering",0,Jelaskan apa yang dimaksud dengan Augmented Dataset dan Berikan contoh metode yang digunakan untuk melakukan Augmented Dataset?,
7,"Algoritma regression adalah metode supervised learning dengan mencari nilai numerik, sedangkan classification adalah teknik supervised learning yang memprediksi kategori dari data yang sudah berlabel dengan cara mempelajari pola dataset yang berhistori. Dan clustering adalah teknik unsupervised learning yang mengelompokkan kategori berdasarkan kesamaan kelompok (cluster) dan berbeda dengan kelompok lainnya",10,"Jelaskan apa yang dimaksud dengan Algoritma Regression, Classification dan Clustering?",
8,"- metode evaluasi pada algoritma clustering adalah K-Means clustering dan Hierachical clustering
- metode evaluasi pada algoritma regression adalah linear regression, KNN
- metode evaluasi pada algoritma klasifikasi adalah SVM, random forest, naive bayes",0,"Jelaskan Metode evaluasi yang sesuai dengan algoritma Regression, Classification dan Clustering?",
9,cara kerja metode k - means clustering adalah mencari dan menentukan nilai k dalam clustering. Baru kemudian dikelompokkan sesuai cluster masing masing,0,Jelaskan bagaimana cara kerja metode K Means Clustering?,
10,Dengan mencari dan menentukan nilai k atau nilai tengah diantara dataset yang diuji,10,Jelaskan Bagaimana menentukan nilai K awal dalam metode K Means Clustering?,
1,Machine learning adalah komputer yg di jalankan tanpa program,0,Jelaskan apa yang dimaksud dengan Machine Learning?,
2,"- Unsuperviser
- Superviser",5,Jelaskan jenis-jenis dari machine learning?,
3,Data adalah data data mentah yg di olah menjadi informasi,0,Apa yang dimaksud dengan data?,
4,Datases adalah data-data mentah yg di olah menjadi informasi,10,Apa yang dimaksud dengan dataset?,
5,Preprocessing datases adalah suatu proses yang stop untuk komputer,5,Apa yang dimaksud dengan Preprocessing Dataset?,
8,"Metode Evaluasi
Regression → MAE - RNSE
Classification → accurucy provessin
Clustering →",5,"Jelaskan Metode evaluasi yang sesuai dengan algoritma Regression, Classification dan Clustering?",
1,Machine learning adalah cabang ilmu dari artifical intelligence yang dimana bagaimana membuat sebuah mesin belajar dengan sendirinya,10,Jelaskan apa yang dimaksud dengan Machine Learning?,
2,"Jenis-jenis machine learning:
1. Supervised learning
2. Unsurpervised learning 
3. Reinforement learning",5,Jelaskan jenis-jenis dari machine learning?,
3,"Data adalah sekumpulan informasi yang berupa fakta baik itu teks, gambar maupun video dan lain-lainnya",10,Apa yang dimaksud dengan data?,
4,dataset adalah sekumpulan data yang dikumpulkan untuk kemudian dipakai ke dalam machine learning agar machine belajar,10,Apa yang dimaksud dengan dataset?,
7,"Algoritma regression →memproses data berdasarkan garis tengah
Algoritma classification→Algoritma yang memproses data berdasarkan kelasnya
Algoritma clustering→Algoritma yang memproses data didasarkan per kelompokkan",5,"Jelaskan apa yang dimaksud dengan Algoritma Regression, Classification dan Clustering?",
1,"Machine learning adalah cabang artifical intelligence (AI) yang memungkinkan komputer berjalan dari data untuk mengenai pola, membuat prediksi, atau mengambil keputusan tanpa diprogram secara eksplisit.",10,Jelaskan apa yang dimaksud dengan Machine Learning?,
2,"- Supervised learning → Belajar menggunakan data yang memiliki label.
- Unsupervised learning → belajar dari data tanpa lebel
- Semi - - Supevised learning → menggunakan sebagian data berlebel dan sebagian data tanpa lebel
- Reinforcement learning → Belajar melalui proses trial and error dengan sistem reward dan punishment",10,Jelaskan jenis-jenis dari machine learning?,
3,"Data adalah kumpulan fakta, angka, teks, gambar, atau informasi mentah yang dapat diolah menjadi informasi yang berguna",10,Apa yang dimaksud dengan data?,
4,Dataset adalah sekumpulan data yang tersusun dalam bentuk label atau file yang digunakan sebagai bahan pelatihan maupun pengujian pada model machine learning,10,Apa yang dimaksud dengan dataset?,
5,"Preprocessing dataset adalah proses mempersiapkan data agar siap digunakan dalam machine learning, seperti membersihkan data, menangani missing value, menghapus data duplikat",10,Apa yang dimaksud dengan Preprocessing Dataset?,
6,"Augmented dataset adalah dataset yang diperbanyak atau dimodifikasi untuk meningkatkan jumlah dan variasi data tanpa mengubah makna data asli, contoh metode nya addalah rotasi gambar , flip, zoom.",10,Jelaskan apa yang dimaksud dengan Augmented Dataset dan Berikan contoh metode yang digunakan untuk melakukan Augmented Dataset?,
7,"- algoritma regression adalah algoritma untuk memprediksi nilai numerik atau kontinu
- algoritma classification adalah algoritma untuk algoritma untuk mengelompokkan data ke dalam kelas tertentu
- algoritma clustering adalah algortima untuk mengelompokkan data berdasarkan kemiripan tanpa label",10,"Jelaskan apa yang dimaksud dengan Algoritma Regression, Classification dan Clustering?",
8,"- Regression → MEA (Mean Absoluote Error) MSE (Mean Squared Error) dan R² scrore
- Classification → Acuracy, Presision, Recall, F1-Score dan Confusion matriks
- Clustering → Suhouette score, Devios-Boulding indeks, dan Calinski Harabase Indeks",10,"Jelaskan Metode evaluasi yang sesuai dengan algoritma Regression, Classification dan Clustering?",
9,"- menentukan jumlah cluster (k)
- memilih centroid awal secara acak
- menghitung jarak setiap data ke centroid
- mengelompokkan data ke centroid terdekat
- menghitung ulang posisi centroid berdasarkan rata-rata anggota cluster
- mengitung langkah 3-5 hingga centroid tidak berubah atau mencapai iterasi maksimum",10,Jelaskan bagaimana cara kerja metode K Means Clustering?,
10,"- metode elbuw, yaitu memilih k pada titik siku
- suhouette score yaitu memilih nilai k yang menghasilkan skor suhouette tertinggi
- Berdasarkan pengetahuan atau kebutuhan domain terhadap jumlah kelompok yang diinginkan",10,Jelaskan Bagaimana menentukan nilai K awal dalam metode K Means Clustering?,
1,machine learning adalah cabang IA yang membuat komputer dan belajar dari data untuk prediksi dan pengambil keputusan.,10,Jelaskan apa yang dimaksud dengan Machine Learning?,
2,"- suvervised learning
- unsuvervised learning
- reinfor cement learning",5,Jelaskan jenis-jenis dari machine learning?,
3,Data adalah informasi atau fakta yang masi mentah yang siap untuk di analisis,10,Apa yang dimaksud dengan data?,
4,Dataset adalah Data yang sudah jadi dan siap diolah.,5,Apa yang dimaksud dengan dataset?,
5,"Preppocessing adalah : yang meliputi, Resize, Augmented, Normalisasi, Proses membersihkan dan menyiapkan data sebelum digunakan.",10,Apa yang dimaksud dengan Preprocessing Dataset?,
6,Augmented adalah : teknik menambahkan variasi data agar jumlah data bertambah tanpa mengumpulkan data baru.,5,Jelaskan apa yang dimaksud dengan Augmented Dataset dan Berikan contoh metode yang digunakan untuk melakukan Augmented Dataset?,
7,"- Algoritma regresion : Memprediksi nilai kontinu
- classification : Mengelompokkan data ke kelas tertentu.
- clustering : mengelompokan data berdasarkan kemiripan tanpa label.",5,"Jelaskan apa yang dimaksud dengan Algoritma Regression, Classification dan Clustering?",
8,"Regresion : MAE, MSE, RMSE, R² Score
clasification : Akurasi, Prediksi dan Recal
clustering : Mavies, Bouldin index, Elbow metod.",10,"Jelaskan Metode evaluasi yang sesuai dengan algoritma Regression, Classification dan Clustering?",
9,"cara kerjanya yaitu :
- tentukan jumlah cluster
- pilih centroid awal
- kelompokan data
- hitung ulang centroid
-ulangi hingga centroid tidak berubah",10,Jelaskan bagaimana cara kerja metode K Means Clustering?,
10,Menggunakan Elbow metod dan Silhoute Score,10,Jelaskan Bagaimana menentukan nilai K awal dalam metode K Means Clustering?,
1,"yang dimaksud dengan machine learning adalah sebuah mesin yang dikembangkan melalui dari pengumpulan data, proses, hingga outpur yang sesuai",5,Jelaskan apa yang dimaksud dengan Machine Learning?,
2,"- supervised learning
- deep learning",0,Jelaskan jenis-jenis dari machine learning?,
3,Data adalah sekumpulan informasi awal untuk memenuhi kebutuhan mesin,5,Apa yang dimaksud dengan data?,
4,Dataset adalah sebuah informasi untuk menampilkan atau membuat suatu project di awal persiapan pembuatan project.,0,Apa yang dimaksud dengan dataset?,
5,Preprocessing dataset adalah proses pengecekan kevalidan data sebelum membuat sebuah project,0,Apa yang dimaksud dengan Preprocessing Dataset?,
6,"Augmented dataset adalah pengecekan kemiripan data yang telah terkumpul, contohnya mengecek kemiripan gambar kucing dan anjing dalam sebuah dataset.",0,Jelaskan apa yang dimaksud dengan Augmented Dataset dan Berikan contoh metode yang digunakan untuk melakukan Augmented Dataset?,
7,"- Algoritma regression adalah
- Algoritma classification adalah tahap pengklasifikasian pada data-data yang telah dikumpul
- Algoritma clustering adalah tahap pengelompokan data yang telah dikumpul.",5,"Jelaskan apa yang dimaksud dengan Algoritma Regression, Classification dan Clustering?",
8,"- Regression
- clustering
- classification",0,"Jelaskan Metode evaluasi yang sesuai dengan algoritma Regression, Classification dan Clustering?",
9,cara kerja metode k-means clustering adalah pengelompokan yang,0,Jelaskan bagaimana cara kerja metode K Means Clustering?,
10,cara menentukan nilai k awal dalam metode k means clustering adalah dengan mengelompokkan,0,Jelaskan Bagaimana menentukan nilai K awal dalam metode K Means Clustering?,
1,machine learning adalah cabang AI yang membuat komputer belajar dari data untuk membuat prediksi atau keputusan,10,Jelaskan apa yang dimaksud dengan Machine Learning?,
2,"- supervised learning 
- unsupervised learning
- reinforcement learning",5,Jelaskan jenis-jenis dari machine learning?,
3,Data adalah kumpulan fakta atau informasi yang dapat di olah menjadi informasi,10,Apa yang dimaksud dengan data?,
4,"Dataset adalah kumpulan data yang digunakan untuk melatih, menguji atau mengevaluasi model",10,Apa yang dimaksud dengan dataset?,
5,Preprocessing dataset adalah proses membersihkan dan menyiapkan data sebelum di gunakan,10,Apa yang dimaksud dengan Preprocessing Dataset?,
6,Augmented dataset teknik menambahkan variasi data agar jumlah data bertambah tanpa mengumpulkan data baru.,5,Jelaskan apa yang dimaksud dengan Augmented Dataset dan Berikan contoh metode yang digunakan untuk melakukan Augmented Dataset?,
7,"Regression : memprediksi nilai kontinu
classification : mengelompokkan data kedalam kelas tertentu
clustering : mengelompokkan data berdasarkan kemiripan tanpa label",10,"Jelaskan apa yang dimaksud dengan Algoritma Regression, Classification dan Clustering?",
8,"Regression : MAE, MSE, RMSE, R² Score
classification : accuracy, precision, recall
clustering : Davies- Bouldin Index, Elbow method",0,"Jelaskan Metode evaluasi yang sesuai dengan algoritma Regression, Classification dan Clustering?",
9,"Cara kerja k means
- tentukan jumlah cluster
- pilih centroid awal 
- kelompokkan data ke centroid terdekat
- hitung ulang centroid
- ulangi hingga centroid tidak berubah",0,Jelaskan bagaimana cara kerja metode K Means Clustering?,
10,Menggunakan Elbow method dan Silhoute Score,0,Jelaskan Bagaimana menentukan nilai K awal dalam metode K Means Clustering?,
1,Machine Learning adalah metode mesin yang mempelajari tentang output dan input data,0,Jelaskan apa yang dimaksud dengan Machine Learning?,
2,"- Supervised learning -
- Unsupervised Learnig -",5,Jelaskan jenis-jenis dari machine learning?,
3,Data adalah faktor mentah yang dapat diubah,0,Apa yang dimaksud dengan data?,
4,dataset adalah data yang tidak dapat dapat diubah melalui sistem,0,Apa yang dimaksud dengan dataset?,
5,Preprocessing dataset adalah mengolah data mentah menjadi data baru,5,Apa yang dimaksud dengan Preprocessing Dataset?,
6,Augmented Dataset adalah menambahkan variasi data,0,Jelaskan apa yang dimaksud dengan Augmented Dataset dan Berikan contoh metode yang digunakan untuk melakukan Augmented Dataset?,
7,"Algoritma Regression Mengklasifikasikan data
- Classification →
- Clustering →",0,"Jelaskan apa yang dimaksud dengan Algoritma Regression, Classification dan Clustering?",
8,"Metode evaluasi algoritma regresssion, Classification dan Clustering",0,"Jelaskan Metode evaluasi yang sesuai dengan algoritma Regression, Classification dan Clustering?",
9,Cara kerja Metode K means Clustering,0,Jelaskan bagaimana cara kerja metode K Means Clustering?,
1,Machine Learning adalah cabang dari Artificial Intelegence (AI) yang memungkinkan komputer belajar dari data membuat prediksi atau keputusan tanpa diprogram secara eksplisit,10,Jelaskan apa yang dimaksud dengan Machine Learning?,
2,"Jenis-jenis dari Machine Learning :
1).Supervised learning yaitu menggunakan data berlabel
2).Unsupervised learning yaitu menggunakan data tanpa label
3).Reinforcement learning yaitu model belajar dari reward dan punishment",10,Jelaskan jenis-jenis dari machine learning?,
3,"Data adalah kumpulan fakta, informasi, angka atau obser vasi yang dapat diolah menjadi informasi yang berguna",10,Apa yang dimaksud dengan data?,
4,Dataset adalah kumpulan data yang tersusun dalam bentuk tabel atau file dan digunakan untuk proses analisis dan pelatihan,10,Apa yang dimaksud dengan dataset?,
5,Preprocessing dataset adalah proses mempersiapkan dan membersihkan data sebelum digunakan dalam machine learning,10,Apa yang dimaksud dengan Preprocessing Dataset?,
6,Augmented dataset adalah proses untuk menambah/ memproses jumlah data agar saat dimasukkan ke dalam machine learning datanya menjadi seragam/sama contoh metode yang digunakan untuk melakukan augmented dataset adalah zoom dan cropping,10,Jelaskan apa yang dimaksud dengan Augmented Dataset dan Berikan contoh metode yang digunakan untuk melakukan Augmented Dataset?,
7,"1). Regression termasuk kedalam lenis supervised learning yaitu untuk memprediksi nilai numerik
2). Classification termasuk ke dalam jenis supervised learning yaitu yang mengelompokkan data yang sudah memiliki label tersendiri
3). Clustering termasuk kedalam jenis unsupervised learning yaitu mengelompokkan data tanpa label yang artinya disini data dikelopokkan berdasarkan kemiripan antar satu dan lainnya pada data",10,"Jelaskan apa yang dimaksud dengan Algoritma Regression, Classification dan Clustering?",
8,"1).Metode evaluasi yang sesuai dengan regresi adalah metode MAE MSI dan lainnya
2).Metode evaluasi yang sesuai dengan classification yaitu metode precission, recall, acuracy dan f-score
metode evaluasi yang sesuai dengan algoritma clustering adalah metode silhoutte score",10,"Jelaskan Metode evaluasi yang sesuai dengan algoritma Regression, Classification dan Clustering?",
9,yang pertama yaitu menentukan nilai awal K. kemudian menentukan centroid awal kemudian menghitung setiap lakar ke centroid,10,Jelaskan bagaimana cara kerja metode K Means Clustering?,
10,Nilai awal K dapat ditentukan dengan albow method,10,Jelaskan Bagaimana menentukan nilai K awal dalam metode K Means Clustering?,
1,Machine Learning adalah cabang dari AI yang mampu membuat komputer belajar dari data dan membuat keputusan sendiri,10,Jelaskan apa yang dimaksud dengan Machine Learning?,
2,"Supervised Learning → menggunakan data berlabel
Unsupervised Learning → data tanpa label
Semi supervised → gabungan dari keduanya",10,Jelaskan jenis-jenis dari machine learning?,
3,Data adalah Sekumpulan fakta atau angka dan informasi mentah yang belum di olah,10,Apa yang dimaksud dengan data?,
4,Dataset adalah sekumpulan data yang sudah di kumpulkan dan disusun dengan terstruktur,10,Apa yang dimaksud dengan dataset?,
5,Processing dataset adalah proses membersihkan data dan baru siap untuk digunakan,10,Apa yang dimaksud dengan Preprocessing Dataset?,
6,"Augmanted Dataset adalah dataset yg perluas dgn cara menambah variasi data baru yang dihasilkan dari data asli
contohnya : zoom, tambah noise, Rotasi, cropping",10,Jelaskan apa yang dimaksud dengan Augmented Dataset dan Berikan contoh metode yang digunakan untuk melakukan Augmented Dataset?,
7,"- Algoritma regresion adalah untuk memprediksi nilai numerik
- Algoritma classfication adalah untuk memprediksi kelas atau kategori
- Algoritma clustering adalah Algoritma yang mengelompokkan",10,"Jelaskan apa yang dimaksud dengan Algoritma Regression, Classification dan Clustering?",
8,"- Metode Evaluai Clustering :
(1.) silhoutte score → mengukur seberapa baik suatu data
(2.) Davies - Bouldin Index (DBI) → mengukur kemiripan antar cluster
(3.) calllnski Harabasz Indek (CHI) → mengukur pemisahan, antar cluster
- Metode evaluasi Regression
(1.) Simple Linear regresion → memprediksi satu variabel dgn satu fitur
(2.) Multiple linear regresion
(3.) Polynomial regression
-Metodevaluasi classification
(1.) Logistic regression
(2.) knn
(3.) svm
(4.) Naivi Bayes",5,"Jelaskan Metode evaluasi yang sesuai dengan algoritma Regression, Classification dan Clustering?",
9,Cara kerja Metode k Means clustering yaitu dengan menentukan nilai k,5,Jelaskan bagaimana cara kerja metode K Means Clustering?,
1,Machine Leaarning adalah metode agar komputer belajar dari data untuk membuat prediksi tanpa diprogram detail.,10,Jelaskan apa yang dimaksud dengan Machine Learning?,
2,"Jenis machine learning
- supervised
- unsupervised
- Reinforcement learning",10,Jelaskan jenis-jenis dari machine learning?,
3,"Data adalah fakta mentah berupa angka, teks, gambar dan lainnya yang bisa diolah menjadi informasi",10,Apa yang dimaksud dengan data?,
4,dataset adalah tumpukan data yang sudah terstruktur dan siap digunakan untuk analisis atau training model,10,Apa yang dimaksud dengan dataset?,
5,"processing dataset adalah proses menyiapkan, membersihkan data sebelum di gunakan agar hasilnya lebih akurat",10,Apa yang dimaksud dengan Preprocessing Dataset?,
6,"Augmented Dataset adalah data yang diperbanyak dengan variasi baru dari daata asli supaya model lebih baik dan tidak tercampur contoh metodenya seperti flip, rotation, zoom, crop, brightness dan noise",10,Jelaskan apa yang dimaksud dengan Augmented Dataset dan Berikan contoh metode yang digunakan untuk melakukan Augmented Dataset?,
7,"- Algoritma regression adalah algoritma yang menghasilkan outpu berupa angka, contoh prediksi harga rumah
- Algoritma classification adalah algoritma yang menghasilkan output berupa kategori, contoh email spam or no
- Algoritma clustering adalah algoritma yang mengelompokkan data ,contoh jenis kelamin",10,"Jelaskan apa yang dimaksud dengan Algoritma Regression, Classification dan Clustering?",
8,"- metode evaluasi reggresion yaitu random forest
- metode evaluasi classiffication yaitu svm
- metode evaluasi clustering yaitu k-means",0,"Jelaskan Metode evaluasi yang sesuai dengan algoritma Regression, Classification dan Clustering?",
1,cabang AI iya membuat komputer belajar dari data untuk prediksi keputusan,10,Jelaskan apa yang dimaksud dengan Machine Learning?,
2,"supervised learning, unsuperside learning, rainforcemen learning",5,Jelaskan jenis-jenis dari machine learning?,
3,faktor atau informasi yg diolah,10,Apa yang dimaksud dengan data?,
4,kumpulan data untuk melatih dan menguji model,10,Apa yang dimaksud dengan dataset?,
5,proses menghasilkan dan menyiapkan data,0,Apa yang dimaksud dengan Preprocessing Dataset?,
6,"perubahan variasi data, contoh klip, rotasi, zoom",10,Jelaskan apa yang dimaksud dengan Augmented Dataset dan Berikan contoh metode yang digunakan untuk melakukan Augmented Dataset?,
7,"- regression, prediksi nilai
- classification, menentukan kelas
- clustering, mengelompokkan data",10,"Jelaskan apa yang dimaksud dengan Algoritma Regression, Classification dan Clustering?",
8,"evaluasi :
- regression, MAE, MSE
- classification, accurasy
- clustering, shiloutte schore.",10,"Jelaskan Metode evaluasi yang sesuai dengan algoritma Regression, Classification dan Clustering?",
9,Tentukan → pilih centeroid → kelompok data → hitung centeroid baru → ulang hingga stabil.,10,Jelaskan bagaimana cara kerja metode K Means Clustering?,
10,mencari jumlah cluster terbaik,0,Jelaskan Bagaimana menentukan nilai K awal dalam metode K Means Clustering?,
1,Kecerdasan buatan yang adadikomputer mampu belajar dari data,10,Jelaskan apa yang dimaksud dengan Machine Learning?,
2,"Supervised model belajar dengan label
unsuperfast model tidak belajar dari label",10,Jelaskan jenis-jenis dari machine learning?,
3,"data adalah sekumpulan fakta l anghai, teks yambar, suara atau i n formasikan yang belum diolah sehingga belum memiliki maknayang ielas",10,Apa yang dimaksud dengan data?,
4,"Dataset kumpulan data yang disusun secara terstruktur yang digunakan untuk proses analisis, pelatihan pengujian atau evaluasim",10,Apa yang dimaksud dengan dataset?,
5,Preprocessing mengolah dan membersihkan data sebelum digunakan untuk melatih model machine learning agar kalitas data meniadi lebih baik,10,Apa yang dimaksud dengan Preprocessing Dataset?,
1,"Machine learning adalah cabang dan kecerdasan buatan yang memungkinkan komputer belajar dan dari data untuk mengenali pola, membuat prediksi, atau mengambil keputusan tanpa di program secara eksplisit",10,Jelaskan apa yang dimaksud dengan Machine Learning?,
2,"Machine learning: belajar menggunakan data yang memiliki label
Unsupervised learning: Belajar menggunakan data tanpa label untuk menemukan pola atau kelompok
Reinforcement learning:",10,Jelaskan jenis-jenis dari machine learning?,
3,"data adalah sekumpulan fakta , angka, teks gambar, atau informasi mentah yang dapat diolah menjadi informasi berguna",10,Apa yang dimaksud dengan data?,
4,"datase adalah kumpulan data yang tersusun dalam bentuk tabel atau file yang digunakan sebagai bahan pelatihan, validasi, dan pengujian pada model machine learning",10,Apa yang dimaksud dengan dataset?,
5,"Preprocessing adalah proses mempersiapkan data agar dapat digunakan oleh machine learning, seperti membersihkan data, mengatasi missing value, normalisasi, dan lain-lain.",10,Apa yang dimaksud dengan Preprocessing Dataset?,
6,Augmented data adalah teknik menambah variasi data dengan memodifikasi data asli tanpa mengubah maknanya,10,Jelaskan apa yang dimaksud dengan Augmented Dataset dan Berikan contoh metode yang digunakan untuk melakukan Augmented Dataset?,
7,Regression adalah digunakan untuk memprediksi nilai numerik atau kontinu assirfcation digunakan untuk mengelompokkan data ke dalam kelas tertentu clustering digunakan untuk mengelompokkan data berdasarkan kemiripan tanpa label,10,"Jelaskan apa yang dimaksud dengan Algoritma Regression, Classification dan Clustering?",
8,"Regression :MAE, RMSE, dan R²
Classification: acuracy, Recall, F1-score
Clustering:",10,"Jelaskan Metode evaluasi yang sesuai dengan algoritma Regression, Classification dan Clustering?",
1,Machine learning adalah anak dari kecerdasan buatan yang mana program data memprediksi dari data tanpa perlu membuat program khusus,0,Jelaskan apa yang dimaksud dengan Machine Learning?,
2,"Supervised learning
Program belajar menggunakan label data
Unsupervised learning
Program belajar tanpa label data
semi-supervise
Program belajar dengan data yang memiliki sedkit label dan kebanyakan tanpa label
Reiforcement
Program yang belajar dari reward (hadiah) atau punishment (hukuman)",10,Jelaskan jenis-jenis dari machine learning?,
3,Informasi yang akurat dan berdasarkan fakta,10,Apa yang dimaksud dengan data?,
4,sekumpulan data yang digunakan untuk menjalankan program ML,5,Apa yang dimaksud dengan dataset?,
5,Proses untuk mengembangkan data supaya program memiliki data yang akurat,5,Apa yang dimaksud dengan Preprocessing Dataset?,
6,memodifikasi dataset untuk mendapatkan data yang baru. Salah satu metodenya ada brightness crop zoom.,5,Jelaskan apa yang dimaksud dengan Augmented Dataset dan Berikan contoh metode yang digunakan untuk melakukan Augmented Dataset?,
7,"Algoritma yang mempelajari data angka konfident (Regression)
Classification, melatih data agar hasil lebih valid
Clustering, mengelompokkan data sesuai dengan kelas",5,"Jelaskan apa yang dimaksud dengan Algoritma Regression, Classification dan Clustering?",
8,"beberapa metodenya
Regrestion
S-1 score
Classification
- f1 score",5,"Jelaskan Metode evaluasi yang sesuai dengan algoritma Regression, Classification dan Clustering?",
1,Machine Learning adalah cabang yang membuat komputer dapat belajar dari data untuk mengenali pola tanpa diprogram secara eksplisit,10,Jelaskan apa yang dimaksud dengan Machine Learning?,
2,"a. supervised learning: belajar dari data berlabel
b. unsupervised learning: belajar dari data tanpa label
c. semi-supervised learning: gabungan data berlabel dan tidak berlabel
d. reinforcement learning: belajar dari reward dan punishment",10,Jelaskan jenis-jenis dari machine learning?,
3,Data adalah kumpulan fakta atau informasi mentah yang dapat diolah menjadi informasi,10,Apa yang dimaksud dengan data?,
4,Dataset adalah kumpulan data ynag terstruktur untuk melatih dan menguji model machine learning,10,Apa yang dimaksud dengan dataset?,
5,Preprocessing dataset adalah proses membersihkan dan menyiapkan data agar siap digunakan oleh model,10,Apa yang dimaksud dengan Preprocessing Dataset?,
7,"a. Regression: memprediksi nilai kontinu (misalnya harga rumah)
b. Classification: mengelompokkan data ke kelas tertentu
c. clustering: mengelompokkan data berdasarkan kemiripan data label",10,"Jelaskan apa yang dimaksud dengan Algoritma Regression, Classification dan Clustering?",
8,"- Regression: MAE, MSE, RMSE, R²
- Classification: Accuracy, Precision, F1-score, recall
- clustering: silhouette score, Davies - Bouldin Index",10,"Jelaskan Metode evaluasi yang sesuai dengan algoritma Regression, Classification dan Clustering?",
9,"a. Tentukan nilai k
b. Pilih centroid awal
c. Hitung jarak data ke setaip centroid
d. kelompokkan data ke centroid terdekat
e. Hitung centroid baru
f. Ulangi hingga centroid tidak berubah",10,Jelaskan bagaimana cara kerja metode K Means Clustering?,
10,"Nilai k dapat ditentukan menggunakan:
a. elbow method
b. silhouette score
c. berdasarkan pengetahuan terhadap jumlah kelompok yang diinginkan",10,Jelaskan Bagaimana menentukan nilai K awal dalam metode K Means Clustering?,
1,"Machine learning adalah salah satu cabang dari kecerdasan buatan (artificial Inteligence) yang membuat komputer mampu belajar dari data, menemukan pola, dan membuat keputusan atau predeksi tanpa harus diprogram secara langsung",10,Jelaskan apa yang dimaksud dengan Machine Learning?,
2,"Jenis² Machine learning:
- Supervised learning adalah teknik pembelajaran menggunakan data yang berlabel/hasil. Model belajar dari contoh data untuk melakukan klasifikasi dan prediksi
- Unsupervised learning adalah teknik pembelajaran menggunakan data tanpa label, Model mencari kelompok/pola dari data secara mandiri
- Reinforcement learning adalah sistem belajar berdasarkan sistem penghargaan (reward) dan hukuman (punishment) berdasarkan tindakan yang dilakukan",10,Jelaskan jenis-jenis dari machine learning?,
3,Data adalah sekumpulan informasi atau fakta yang masih dalam berupa bentuk mentah dan belum diolah sama sekali dan dapat digunakan sebagai bahan analisis atau pengambil keputusan,5,Apa yang dimaksud dengan data?,
4,"Dataset adalah sekumpulan data yang disusun secara terstruktur dan digunakan sebagai bahan untuk melatih, menguji, dan mngevaluasi model machine learning, Dataset biasanya terdiri dari baris (data) dan kolom (fitur)",10,Apa yang dimaksud dengan dataset?,
5,"Preprocessing dataset adalah proses persiapan dan pembersihan dataset sebelum digunakan dalam model machine learning agar supaya menjadi lebih baik, rapi, dan mudah diproses oleh algoritma",10,Apa yang dimaksud dengan Preprocessing Dataset?,
6,"- Augmented dataset adalah proses memperbanyak atau memperkayah jumlah data/fitur dengan cara menambah varasi baru pada data itu sendiri tanpa mengubah informasi utama. Tujuan nya agar pada machine learning memiliki banyak contoh untuk belajar dan peformanya meningkat
Contoh metode Augmented dataset :
- Image Augmentation (Untuk gambar) Contoh nya : Rotasi gambar, membalik gambar (Flip), mengubah bentuk gambar (Resize), zoom gambar.
- Text augmentation (untuk tekt) Contoh nya : mengganti kata kata dengan sinonim, menghapus kata tertentu, ,menggubah susunan kalimat.
- Audio Augmentation (Untuk suara) Contoh nya : menambahkan noise, mengubah kecepatan suara, dan mengubah tinggi rendah nya suara (pitch)",10,Jelaskan apa yang dimaksud dengan Augmented Dataset dan Berikan contoh metode yang digunakan untuk melakukan Augmented Dataset?,
7,"- Algoritma regression : adalah teknik mengumpulkan data numerik 
- Algoritma classification : adalah teknik membedakan sesuai kategori
- Algoritma Clustering : adalah teknik mengelompokan data berdasarkan cluster",5,"Jelaskan apa yang dimaksud dengan Algoritma Regression, Classification dan Clustering?",
8,"- Metode evaluasi algoritma Regression : 
- Metode evaluasi algoritma Clasification :
- Metode evaluasi algoritma Clustering :",0,"Jelaskan Metode evaluasi yang sesuai dengan algoritma Regression, Classification dan Clustering?",
9,Metode K-Means Clustering cara kerja nya itu dengan cara Peserta menentukan nilai K Setelah itu di bandingkan jarak nilai k dengan tetangga dan hasil nya di hitung dari jarak tetangga terdekat,5,Jelaskan bagaimana cara kerja metode K Means Clustering?,
10,Menentukan nilai k awal dalam metode K means clustering,0,Jelaskan Bagaimana menentukan nilai K awal dalam metode K Means Clustering?,
1,"Machine learning adalah cabang dari kecerdasan buatan yang memungkinkan komputer belajar dari data untuk mengenali pola, prediksi atau mengambil keputusan tanpa di program secara eksplisit",10,Jelaskan apa yang dimaksud dengan Machine Learning?,
2,"- Supervised learning: belajar menggunakan data yang memiliki label
- Unpervised learning: belajar menggunakan data tanpa label untuk mengenai pola atau kelompok",10,Jelaskan jenis-jenis dari machine learning?,
3,"Data adalah sekumpulan informasi yang dapat digunakan untuk diolah, data berupa fakta, angka, teks, gambar dan dapat diolah menjadi informasi berguna",5,Apa yang dimaksud dengan data?,
4,Dataset adalah kumpulan data yang tersusun dalam bentuk tabel atau file yang kemudian dapat diambil informasinya menjadi suatu penelitian.,10,Apa yang dimaksud dengan dataset?,
5,"Preprocessing dataset adalah proses mempersiapkan data agar dapat digunakan oleh machine leaconing, seperti membersihkan data, mengatasi missing value. dan regresi",10,Apa yang dimaksud dengan Preprocessing Dataset?,
6,Augmented datase adalah teknik menambahkan variasi data dengan memodifikasi data asli tanpa mengubah maknya: contoh rotasi,10,Jelaskan apa yang dimaksud dengan Augmented Dataset dan Berikan contoh metode yang digunakan untuk melakukan Augmented Dataset?,
7,"Regression adalah digunakan untuk memperbaiki nilai numberik atau kontinu.
Classification digunakan untuk mengelompokkan data berdasarkan kemiripan tanpa label",5,"Jelaskan apa yang dimaksud dengan Algoritma Regression, Classification dan Clustering?",
1,Machine Learning → alat bantu di dalam komputer untuk memproses data membagi dan mengolah data.,0,Jelaskan apa yang dimaksud dengan Machine Learning?,
2,"Machine Learning → 2
- Supervise Learning → Datanya memiliki label
- Unsupervised Learning → Datanya tidak memiliki label",10,Jelaskan jenis-jenis dari machine learning?,
3,Sekumpulan fakta,0,Apa yang dimaksud dengan data?,
4,Dataset adalah sekumpulan data y digunakan dalam machine learning,10,Apa yang dimaksud dengan dataset?,
6,"Contoh metode y digunakan dalam augmented dataset:
- Decision tree.",0,Jelaskan apa yang dimaksud dengan Augmented Dataset dan Berikan contoh metode yang digunakan untuk melakukan Augmented Dataset?,
7,"- Classification : Pengelompokkan data y tidak miliki label kemudian dilatih secara manual
- Clustering : Pengelompokkan data y memiliki label untuk mencari data predik
- Regression :",5,"Jelaskan apa yang dimaksud dengan Algoritma Regression, Classification dan Clustering?",
1,Machine learning adalah suatu data yang dilatih untuk menentukan,0,Jelaskan apa yang dimaksud dengan Machine Learning?,
3,Data adalah suatu informasi nyata yang ditentukan,10,Apa yang dimaksud dengan data?,
4,Dataset adalah data yang telah dikumpulkan yang akan dilatih dan dirapikan,10,Apa yang dimaksud dengan dataset?,
5,"Preprocessing dataset adalah suatu data yang akan diubah baik berupa skala, rotasi,",0,Apa yang dimaksud dengan Preprocessing Dataset?,
7,"- Classification adalah metode yang dilatih menggunakan label
- Clustering adalah metode",0,"Jelaskan apa yang dimaksud dengan Algoritma Regression, Classification dan Clustering?",
10,Cara memutuskan nilai K awal adalah menggunakan elbow method jadi data akan melihat secara,10,Jelaskan Bagaimana menentukan nilai K awal dalam metode K Means Clustering?,
1,"machine learning adalah sebuah program yang belajar dan data train yang bisa memprediksi, belajar pola dari data train yang kemudian model tersebut bisa digunakan untuk memprediksi harga, keputusan dan pola data",10,Jelaskan apa yang dimaksud dengan Machine Learning?,
2,"- SVM
- Random Forest
- CNN
- Linear regression
- CNN SLTM",0,Jelaskan jenis-jenis dari machine learning?,
3,data adalah sekumpulan nilai yang disimpan dalam sebuah file,0,Apa yang dimaksud dengan data?,
4,dataset adalah sekumpulan data yang digunakan untuk train model machine learning,10,Apa yang dimaksud dengan dataset?,
5,"Preprocessing dataset adalah tahapan dimana dataset akan dibersihkan / filter data anomali seperti data kolom kosong, data tidak masuk akal, typo nama, untuk data text dan untuk data gambar akan dibuat flep gambar, memerengkan, mengubah gambar menjadi hitam putih setelah seelsai data akan siap digunakan untuk training model",10,Apa yang dimaksud dengan Preprocessing Dataset?,
6,Augmented data adalah memvalidasi data agar tidak ada yang anomali contoh linear regression,0,Jelaskan apa yang dimaksud dengan Augmented Dataset dan Berikan contoh metode yang digunakan untuk melakukan Augmented Dataset?,
7,"- Algoritma regression = algoritma yang digunakan untuk memprediksi harga masa depan dengan menggunakan data awal sebagai datasetnya
- classification = algoritma untuk menggabungkan data perlabel kelas
- clustering = algoritma untuk memisahkan data mendatan yang kemudian dikelompokkan berdasarkan cluster yang ada",5,"Jelaskan apa yang dimaksud dengan Algoritma Regression, Classification dan Clustering?",
8,"- evaluasi regression = evaluasi data yang digunakan untuk meningkatkan akurasi prediksi data kedepan agar meminim kesalahan prediksi
- evaluasi classification = evaluasi data yang digunakan untuk memfilter data mentah kemudian digabungkan perkelas
- memproses kembali data yang sudah diclustering agar tidak ada data yang salah masuk klaster",5,"Jelaskan Metode evaluasi yang sesuai dengan algoritma Regression, Classification dan Clustering?",
9,kmeans bekerja dengan cara mencari nilai awal,0,Jelaskan bagaimana cara kerja metode K Means Clustering?,
1,machine learning merupakan sebuah model yang dimana model ini sudah dilatih dari data data yang sudah ada dari di belajar dari pola data tersebut,10,Jelaskan apa yang dimaksud dengan Machine Learning?,
2,"jenis jenis machine learning
- deep learning = metode yang dipakai untuk melakukan proses yang berat atau besar dan mendalam seperti CNN, Rgnet, VGG16
- SVM
- KNN
- naive bayes",0,Jelaskan jenis-jenis dari machine learning?,
3,data adalah sebuah fakta atau bukti nyata yang siap untuk dipakai,10,Apa yang dimaksud dengan data?,
4,dataset merupakan sekumpulan dari berbagai data yang siap untuk dipakai dalam pelatihan model machine learning,10,Apa yang dimaksud dengan dataset?,
5,"preprocessing dataset adalah metode yang dilakukan sebelum melatih model guna untuk memperkecil terjadinya anomali data, dan dilakukannya pembagian",5,Apa yang dimaksud dengan Preprocessing Dataset?,
6,"- Augmented dataset merupakan metode yang dilakukan untuk menambah variasi dari dataset supaya tidak terjadinya overfitting, dan juga memperseimbang data
contoh = metode smote, smote berfungsi menambah / duplikasi dari data yang minoritas kemudian dipakai metode ini sehingga menyamai dataset mayoritas",5,Jelaskan apa yang dimaksud dengan Augmented Dataset dan Berikan contoh metode yang digunakan untuk melakukan Augmented Dataset?,
7,"- regression = metode yang dipakai untuk memprediksi dengan data baru yang dilatih dari pola history data yang sudah ada 
- classification = sebuah machine learning yang unsupervised belum terlabel, dan menggabungkan semua kelas
- clustering = memisahkan dari data awal ke data yang baru",5,"Jelaskan apa yang dimaksud dengan Algoritma Regression, Classification dan Clustering?",
8,"F1 Score, Akurasi,",0,"Jelaskan Metode evaluasi yang sesuai dengan algoritma Regression, Classification dan Clustering?",
1,machine learning adlaah suatu algoritma yang dilatih untuk melakukan suatu percobaan agar data menjadi lebih baik,0,Jelaskan apa yang dimaksud dengan Machine Learning?,
2,"unsupervised learning → latih tanpa label
supervised learning → latih dengan label
reinforcement → latih dari errornya data",10,Jelaskan jenis-jenis dari machine learning?,
3,"data adalah suatu informasi nyata yang dikumpulkan baik teks, angka, dan suara dll",5,Apa yang dimaksud dengan data?,
4,dataset adalah data yang dikumpulkan yang akan dilatih dan ditesting dari beberapa metode,10,Apa yang dimaksud dengan dataset?,
5,"preprocessing adalah suatu data yang akan dirubah baik berupa skala, rotasi, dan contrast",0,Apa yang dimaksud dengan Preprocessing Dataset?,
6,"- augemented dataset adalah suatu data mentah yang akan ditambah melalui kemiripan data untuk keseimbangan dataset
- metode yang digunakan pada augmented adalah smote",5,Jelaskan apa yang dimaksud dengan Augmented Dataset dan Berikan contoh metode yang digunakan untuk melakukan Augmented Dataset?,
7,"- classification adalah metode yang secraa dilatih menggunakan label 
- clustering adalah metode penambahan melalui kemiripan data dan dilatih tanpa menggunakan label",0,"Jelaskan apa yang dimaksud dengan Algoritma Regression, Classification dan Clustering?",
8,"- classification → prediksi akurasi seluruh data yang positif
- precission → prediksi data yang mana yang positif 
- recall → menunjukkan
- F1-score → kumpulan dari precission dan recall",5,"Jelaskan Metode evaluasi yang sesuai dengan algoritma Regression, Classification dan Clustering?",
9,"- menentukan nilai k awal (centroid)
- menentukan data mana yang cocok untuk dimasukkan
- evaluasi dari data",10,Jelaskan bagaimana cara kerja metode K Means Clustering?,
10,cara menentukan nilai k awal yaitu sakah satunya menggunakan elbow method jadi data akan melihat secara koordinat jika data centroid tersebut lebih dekat dengan siku sikunya maka akan mendapat hasil nilai k awal,10,Jelaskan Bagaimana menentukan nilai K awal dalam metode K Means Clustering?,
1,Machine learning adalah cabang AI yang memungkinkan komputer bekerja melatih data tanpa harus diprogram lebih rinci,10,Jelaskan apa yang dimaksud dengan Machine Learning?,
2,"- Supervised learning
- Unsupervised learning
- Semi-supervised learning
- Reincoforment learning",10,Jelaskan jenis-jenis dari machine learning?,
3,"Data adalah informasi, fakta, teks, gambar, atau angka yang masih mentah atau belum dilatih",10,Apa yang dimaksud dengan data?,
4,Dataset adalah kumpulan data yang sudah dilatih menjadi kumpulan data yang siap pakai,10,Apa yang dimaksud dengan dataset?,
5,"Preprocessing adalah membersihkan, mengosongkan dan menyiapkan data model sebelum dilatih",10,Apa yang dimaksud dengan Preprocessing Dataset?,
6,Augmented dataset adalah langkah akhir dari tahapan latih data model,0,Jelaskan apa yang dimaksud dengan Augmented Dataset dan Berikan contoh metode yang digunakan untuk melakukan Augmented Dataset?,
7,"Regression adalah algoritma yang menentukan nilai kotuno
Classification adalah algoritma unsupervised learning / data yang tidak memiliki label
Clustering adalah algoritma supervised learning / data yang memiliki label",5,"Jelaskan apa yang dimaksud dengan Algoritma Regression, Classification dan Clustering?",
8,"Regression 
Classification → Random forest, SVM, KNN, Naive bayes, Decision Tree
Clustering → K-Means",0,"Jelaskan Metode evaluasi yang sesuai dengan algoritma Regression, Classification dan Clustering?",
9,Mengelompokkan data kedalam label yang memiliki kemiripan,0,Jelaskan bagaimana cara kerja metode K Means Clustering?,
1,Machine learning adalah ai yang melatih data dikomputer tanpa dipaksa,0,Jelaskan apa yang dimaksud dengan Machine Learning?,
2,"- Supervised learning
- Unsupervised learning",10,Jelaskan jenis-jenis dari machine learning?,
3,Data adalah kumpulan sebuah huruf dan angka,0,Apa yang dimaksud dengan data?,
4,Dataset adalah sekumpulan data yang sudah diolah / dilatih,10,Apa yang dimaksud dengan dataset?,
5,Proses mengelola sebuah data menjadi dataset agar bisa digunakan,0,Apa yang dimaksud dengan Preprocessing Dataset?,
6,Augmented dataset adalah langkah akhir dari tahapan melatih model,0,Jelaskan apa yang dimaksud dengan Augmented Dataset dan Berikan contoh metode yang digunakan untuk melakukan Augmented Dataset?,
7,"- Classification adalah data yang menggunakan label (supervised)
- Clustering adalah data yang tidak menggunakan label (unsupervised)
- Augmented dataset adalah",5,"Jelaskan apa yang dimaksud dengan Algoritma Regression, Classification dan Clustering?",
8,"- Regression:
- Classification = random forest
- Clustering = K-Means",0,"Jelaskan Metode evaluasi yang sesuai dengan algoritma Regression, Classification dan Clustering?",
1,Machine learning adalah salah satu cabang dari artificial intelligence (AI),5,Jelaskan apa yang dimaksud dengan Machine Learning?,
2,"Jenis jenis machine learning, yaitu:
- Naive bayes
- K-Nearest Neightbor
- Linear regression
- Logistic Regression
- Decission Tree",0,Jelaskan jenis-jenis dari machine learning?,
3,Data merupakan sebuah kumpulan informasi yang berisikan fakta atau angka angka,10,Apa yang dimaksud dengan data?,
4,Dataset merupakan kumpulan data untuk melatih sebuah program. (kumpulan data yang digunakan untuk melatih machine learning),10,Apa yang dimaksud dengan dataset?,
5,Preprocessing dataset adalah sebuah tahapan untuk membersihkan dataset terlebih dahulu sebelum dilatih menggunakan machine learning,10,Apa yang dimaksud dengan Preprocessing Dataset?,
6,Augmented dataset adalah dataset yang mengalami kelebihan data (datanya dilatih berulang ulang kali). contoh metode yang digunakan yaitu preprocessing data,0,Jelaskan apa yang dimaksud dengan Augmented Dataset dan Berikan contoh metode yang digunakan untuk melakukan Augmented Dataset?,
7,"- Algoritma regression adalah algoritma yang mengelompokkan data angka yang bersifat kontinu
- Classification adalah algoritma yang mengelompokkan data berdasarkan jenisnya. (supervised learning)
- Clustering adalah algoritma yang mengelompokkan data dengan cara melatih sendiri (unsupervised learning)",10,"Jelaskan apa yang dimaksud dengan Algoritma Regression, Classification dan Clustering?",
8,"- metode regression: linear regression
- metode classification: KNN (K-Nearest Neightbor)
- metode clustering: K-Means clustering",0,"Jelaskan Metode evaluasi yang sesuai dengan algoritma Regression, Classification dan Clustering?",
9,"Cara kerja metode K Means clustering yaitu mengelompokkan data berdasarkan data data yang mirip dan saling berdekatan, ia mencari cabang yang terdekat juga",0,Jelaskan bagaimana cara kerja metode K Means Clustering?,
10,menentukan nilai k awal dalam metode k means clustering dengan cara melakukan preprocessing data terlebih dahulu,0,Jelaskan Bagaimana menentukan nilai K awal dalam metode K Means Clustering?,
1,"Machine learning adalah ilmu yang mempelajari tentang bagaimana mesin belajar, contohnya AI yaitu bagaimana mesin berlatih dan belajar",10,Jelaskan apa yang dimaksud dengan Machine Learning?,
2,"Jenis2 dari machine learning, classification, clustering, regression",0,Jelaskan jenis-jenis dari machine learning?,
3,Data adalah kumpulan informasi yang dikumpulkan menjadi satu,5,Apa yang dimaksud dengan data?,
4,Dataset adalah kumpulan informasi yang sudah dikumpulkan dan digunakan untuk melatih mesin,10,Apa yang dimaksud dengan dataset?,
5,Preprocessing dataset adalah proses untuk mengubah data mentah menjadi data yang siap digunakan untuk di training dan digunakan,5,Apa yang dimaksud dengan Preprocessing Dataset?,
6,Augmented dataset adalah proses mengelompokkan data menjadi beberapa bagian adapun metode yang dilakukan disini bisa menggunakan metode SVM x Random Forest,0,Jelaskan apa yang dimaksud dengan Augmented Dataset dan Berikan contoh metode yang digunakan untuk melakukan Augmented Dataset?,
8,"Metode evaluasi yang sesuai:
Regression - SMOTE 
Clustering - CNN, K-Means
Clasification - SVM, Random forest",0,"Jelaskan Metode evaluasi yang sesuai dengan algoritma Regression, Classification dan Clustering?",
9,Cara kerja K-Means clustering adalah dengan cara membagi data ke dalam 2 kelompok yaitu menentukan k awalnya bagaimana dan bagaimana data meansnya,0,Jelaskan bagaimana cara kerja metode K Means Clustering?,
10,Untuk menentukan nilai k awal dalam k-means clustering adalah dengan mengelompokkan dulu datanya dan di ubah ke dalam binary agar mudah di baca,0,Jelaskan Bagaimana menentukan nilai K awal dalam metode K Means Clustering?,
1,machine learning adalah sebuah pecahan dari artificial intelegence yang belajar secara data terstruktur dan berlabel,0,Jelaskan apa yang dimaksud dengan Machine Learning?,
2,"Supervised learning : adalah metode yg belajar dari sebuah data yg berlabel
Unsupervised learrning : adalah model yg belajar dari data tidak berlabel
Semi-vised learning : adalah model yg belajar dari data yg berlabel dan tidak berlabel
Reiforced learning : adalah model yang belajar dari data yang tidak berlabel dengan metode clustering dengan data yg memiliki pola yg sama unuk clustering",10,Jelaskan jenis-jenis dari machine learning?,
3,"Data adalah sebuah kumpulan informasi mentah yg berupa teks, audio, video, foto, angka",0,Apa yang dimaksud dengan data?,
4,Dataset adalah sebuah kumpulan data yang berlabel dan siap digunakan untuk melatih sebuah model,10,Apa yang dimaksud dengan dataset?,
5,"Preprocessing adalah sebuah proses membersihkan data yg masih tercampur seperti missing value, teks dalam dataset angka",10,Apa yang dimaksud dengan Preprocessing Dataset?,
6,"Augmented dataset adalah sebuah proses memperbanyak dataset yg minoritas beberapa cara augmented :
a. melakukan flip vertikal/horizontal
b. merubah sudut gambar / membalikkan gambar
c.",10,Jelaskan apa yang dimaksud dengan Augmented Dataset dan Berikan contoh metode yang digunakan untuk melakukan Augmented Dataset?,
7,"Clasification : adalah proses klasifikasi dataset berlabel agar sesuai dengan yg ditujukan
Clustering : adalah sebuah proses memisahkan dataset yg tidak berlabel dengan pola yang sama dan identik
Regresi : adalah sebuah proses yg dilakukan dengan metode trial and error",5,"Jelaskan apa yang dimaksud dengan Algoritma Regression, Classification dan Clustering?",
8,"Metode evaluasi.
a. regresi : MAE, RSE, R²
b. clasification : prediction, f1-score, accuracy
c. clustering :",5,"Jelaskan Metode evaluasi yang sesuai dengan algoritma Regression, Classification dan Clustering?",
9,"K-means clustering :
a. mencari sebuah nilai tengah 
b.",0,Jelaskan bagaimana cara kerja metode K Means Clustering?,
10,"menggunakan salah satu metode elbow, yang mengambil nilai mendekati siku",10,Jelaskan Bagaimana menentukan nilai K awal dalam metode K Means Clustering?,
1,Machine learning adalah sistem yang digunakan untuk mengolah data dan merupakan cabang AI yang bikin komputer bisa belajar pola dari data,10,Jelaskan apa yang dimaksud dengan Machine Learning?,
2,"- supervised learning adalah data input x + label y
- unsupervised learning, cuma ada input x dan tidak ada label y",10,Jelaskan jenis-jenis dari machine learning?,
3,"Data adalah sekumpulan data yang tersusun rapi untuk melatih model, bentuk nya bisa berupa angka, huruff, gambar, dan video",0,Apa yang dimaksud dengan data?,
4,Dataset adalah kumpulan data yang di susun rapi untuk melatih model machine learning,5,Apa yang dimaksud dengan dataset?,
5,Proses memanipulasi data yang diambil dari dataset yang ada untuk membentuk model mempelajarinya,0,Apa yang dimaksud dengan Preprocessing Dataset?,
1,"Machine learning adalah cabang dari AI yang memungkinkan komputer belajar dari data untuk mengenali pola, membuat prediksi, tanpa diprogram secara eksplisit",10,Jelaskan apa yang dimaksud dengan Machine Learning?,
2,"Jenis-jenis machine learning
- Supervised learning → belajar dari data berlabel
- Unsupervised learning → belajar dari data tanpa label
- Semi supervised learning → belajar gabungan data berlabel dan tidak berlabel
- Inforcement learning → belajar dari reward dan punishment.",10,Jelaskan jenis-jenis dari machine learning?,
3,Data adalah kumpulan informasi mentah yang dapat diolah menjadi informasi fakta,10,Apa yang dimaksud dengan data?,
4,Dataset adalah kumpulan data yang terstruktur yang disusun dalam bentuk label untuk melatih dan menguji model machine learning,10,Apa yang dimaksud dengan dataset?,
5,Preprocessing dataset adalah proses membersihkan dan menyiapkan data agar siap digunakan oleh model.,10,Apa yang dimaksud dengan Preprocessing Dataset?,
6,"Augmented dataset adalah penambahan variabel data dari data asli agar jumlah data bertambah dan model menjadi lebih baik. Contoh : rotasi, flip, zoom, crop, perubahan brightness, dan shief",10,Jelaskan apa yang dimaksud dengan Augmented Dataset dan Berikan contoh metode yang digunakan untuk melakukan Augmented Dataset?,
7,"Algoritma regression ini memprediksi nilai continue (misalnya harga properti)
Algoritma classification inin mengelompokkan data ke dalam kelas tertentu
Algoritma clustering aadlah teknik unsupervised learning yang digunakan untuk mengelompokkan data berdasarkan kemiripan tanpa label",10,"Jelaskan apa yang dimaksud dengan Algoritma Regression, Classification dan Clustering?",
8,"Regression : MAE, MSE, R² 
Classification : Accuracy, Precision, F1-Score, Recall
Clustering : Silhoute score, Davies Bouldin Index",10,"Jelaskan Metode evaluasi yang sesuai dengan algoritma Regression, Classification dan Clustering?",
9,"Cara kerja metode K Means clustering adalah menentukan jumlah K, memilih centroid awal, menghitung jarak setiap data ke centroid, membentuk cluster, menghitung centroid baru, mengulangi proses, dan hasil akhir",10,Jelaskan bagaimana cara kerja metode K Means Clustering?,
10,"Nilai K dapat ditentukan menggunakan allow method, silhoutte, dan berdasarkan pengetahuan domain",10,Jelaskan Bagaimana menentukan nilai K awal dalam metode K Means Clustering?,
1,Machine learning adalah suatu teknik yang memungkinkan sebuah mesin komputer mampu mempelajari lalu mengenal objek yang ingin diajari,10,Jelaskan apa yang dimaksud dengan Machine Learning?,
2,"Jenis-jenis machine learning ada 2, yaitu Supervised learning dan Unsupervised learning. Supervised artinya model belajar secara dalam pengawasan / berlabel, sedangkan Unsupervised learning model tidak dalam pengawasan / berlabel.",10,Jelaskan jenis-jenis dari machine learning?,
3,Data adalah sebuah informasi yang memiliki arti tertentu sesuai pada konteksnya,0,Apa yang dimaksud dengan data?,
4,Dataset adalah sekumpulan informasi terstruktur yang berguna untuk dilakukannya sebuah objek penelitian untuk menghasilkan output tertentu,10,Apa yang dimaksud dengan dataset?,
5,Preprocessing dataset adalah proses manipulasi data yang diambil dari dataset yang ada untuk membantu model mempelajarinta. Proses ini berlangsung sebelu training,0,Apa yang dimaksud dengan Preprocessing Dataset?,
6,"Augmented dataset adalah proses memanipulasi data yang ada dari dataset dan tidak merubah keaslian daru dataset tersebut. Contoh : Flip, rotation, crop",10,Jelaskan apa yang dimaksud dengan Augmented Dataset dan Berikan contoh metode yang digunakan untuk melakukan Augmented Dataset?,
7,"- Algoritma Regression, merupakan algoritma
- Algoritma classification, merupakan algoritma Supervised Learning, sehingga belajar dari label yang ada. Output yang diinginkan , model memberikan klasifikasi data tertentu
- Algoritma clustering, merupakan teknik Unsupervised Learning, model belajar tanpa label",5,"Jelaskan apa yang dimaksud dengan Algoritma Regression, Classification dan Clustering?",
9,Mencari nilai k,0,Jelaskan bagaimana cara kerja metode K Means Clustering?,
1,"Machine learning adalah cabang dari kecerdasan buatan yang digunakan untuk membuat pola, dan prediksi tanpa diprogram",0,Jelaskan apa yang dimaksud dengan Machine Learning?,
2,"-Supervised learning data berlabel
- Unsupervised learning data yang tidak berlabel
- Semi supervised learning
- Reinforcement""",10,Jelaskan jenis-jenis dari machine learning?,
3,Data adalah fakta atau informasi mentah yang dikumpulkan dann belum diolah berdasarkan fakta,10,Apa yang dimaksud dengan data?,
4,Dataset adalah data yang dilatih menggunakan machine learning dan deep learning yang menghasilkan ribuan data atau lebih,0,Apa yang dimaksud dengan dataset?,
5,"Preprocessing dataset adalah data asli yang diolah atau dilatih agar sama semua, karena sebagian data mungkin tidak sama ukuran dan lain-lain",5,Apa yang dimaksud dengan Preprocessing Dataset?,
6,Augmented dataset adalah dataset yang diperbesar atau diperkaya dan diperbarui,0,Jelaskan apa yang dimaksud dengan Augmented Dataset dan Berikan contoh metode yang digunakan untuk melakukan Augmented Dataset?,
7,"- Clustering adalah mengelompokkan data
- classification adalah suatu data yang dikelompokkan dan dikategorikan
- Algoritma regression adalah algoritma yang digunakan untuk teknik numerik",5,"Jelaskan apa yang dimaksud dengan Algoritma Regression, Classification dan Clustering?",
8,"Metode evaluasi yang sesuai dengan algoritma
- Regression
- Classification
- Clustering",0,"Jelaskan Metode evaluasi yang sesuai dengan algoritma Regression, Classification dan Clustering?",
9,cara kerja metode k means clustering adalah,0,Jelaskan bagaimana cara kerja metode K Means Clustering?,
10,cara menentukan nilai k awal dalam metode k means clustering,0,Jelaskan Bagaimana menentukan nilai K awal dalam metode K Means Clustering?,
1,Machine learning adalah cabang dari AI yang memungkinkan komputer belajar dari data untuk mengenali pola dan membuat Prediksi atau keputusan tanpa diprogram secara khusus,10,Jelaskan apa yang dimaksud dengan Machine Learning?,
2,"Jenis machine Learning
- Supervised learning = belajar menggunakan data yg memiliki label untuk melakukan klasifikasi atau prediksi
- Unsupervised Learning = belajar dari data tanpa label untuk menemukan pola atau mengelompokan data
- Reinforcement learning = model belajar melalui sistem reward dan punishment berdasarkan tindakan yg dilakukan",10,Jelaskan jenis-jenis dari machine learning?,
3,"Data adalah sekumpulan File seperti gambar, video",0,Apa yang dimaksud dengan data?,
4,Dataset adalah sekumpulan data mentah yang bisa digunakan untuk melatih model machine learning,10,Apa yang dimaksud dengan dataset?,
5,Preprocessing dataset adalah proses menyiapkan dan membersihkan data agar berkualitas dan siap digunakan dalam pelatihan model machine learning,10,Apa yang dimaksud dengan Preprocessing Dataset?,
6,"Augmented dataset adalah proses memperbanyak dataset atau memodifikasi agar data lebih berfariasi
metode augmentasi adalah : Flip, mirror, brigthness",10,Jelaskan apa yang dimaksud dengan Augmented Dataset dan Berikan contoh metode yang digunakan untuk melakukan Augmented Dataset?,
7,"Algoritma Clustering adalah mengelompokkan data yg sama dalam satu cluster
Algoritma classifikation adalah teknik untuk memprediksi kategori atau class dari suatu data, Algoritma itu masuk ke jenis Supervised learning, output yg dihasilkan berupa label Algoritma Regression teknik memprediksi nilai numerik atau continu, outputnya berupa angka",10,"Jelaskan apa yang dimaksud dengan Algoritma Regression, Classification dan Clustering?",
8,"Metode Evaluasi Algoritma classtering ada silhoutte score, Davies Bounding index
Metode Evaluasi Regression (Matriks) ada MAE, MSE, R² Score
untuk clasification ada accuracy = persentase prediksi yang benar, Precision = dari semua yang diprediksi positif, berapa yg benar-benar positif, Recall = dari semua data positif berapa yg berhasil ditemukan model",10,"Jelaskan Metode evaluasi yang sesuai dengan algoritma Regression, Classification dan Clustering?",
9,Metode K-Means clustering adalah metode yg mengelompokkan setiap data sesuai kategori,0,Jelaskan bagaimana cara kerja metode K Means Clustering?,
1,Machine Learning adalah cabang AI yang memungkinkan komputer belajar dari data untuk melakukan prediksi atau mengambil keputusan,10,Jelaskan apa yang dimaksud dengan Machine Learning?,
2,"Jenis-jenis Machine learning
-Sum
-Random Forest
-KNN",0,Jelaskan jenis-jenis dari machine learning?,
3,"data adalah kumpulan angka, Teks, Gambar atau nilai mentah yang belum diolah, dan bisa dijadikan sebuah informasi",0,Apa yang dimaksud dengan data?,
4,Dataset adalah data yang terstruktur dan saling berkaitan biasanya disusun dalam bentuk tabel/baris kolom digunakan untuk melatih dan menguji model,5,Apa yang dimaksud dengan dataset?,
5,Preprocessing adalah tahap mengolah data mentah agar bersih dan siap dipakai untuk melatih model ML,10,Apa yang dimaksud dengan Preprocessing Dataset?,
6,Augmented Dataset adalah Dataset yang diperbanyak secara buatan dari data asli dengan variasi tertentu untuk menambah jumlah keragaman data latih SMOTE contohnya,5,Jelaskan apa yang dimaksud dengan Augmented Dataset dan Berikan contoh metode yang digunakan untuk melakukan Augmented Dataset?,
7,"Regresi→Memprediksi nilai kontinue/numerik
Classification→yaitu mengelompokkan data ke dalam kategori atau kelas yang telah ditentukan.
Clustering→ yaitu mengelompokkan data ke dalam grup-grup berdasarkan kemiripan atau pola serupa",10,"Jelaskan apa yang dimaksud dengan Algoritma Regression, Classification dan Clustering?",
8,"Metode Evaluasi klasifikasi
-Confusion Matix
-Acuracy
-F1-score
-Recall
-Precision
Metode Evaluasi Clustering
-Internal Evaluation
-Exrernal Evaluation
Metode Evaluasi Regresi
-MAE
-MSE
-RMSE
-R²",10,"Jelaskan Metode evaluasi yang sesuai dengan algoritma Regression, Classification dan Clustering?",
9,"-Mendapatkan titik awal
-Mencari titik terdekat dari titik awal
-Menentukan dan mengelompokkan titik terdekat",10,Jelaskan bagaimana cara kerja metode K Means Clustering?,
10,Evaluasi K bisa ditentukan menggunakan allow methid,0,Jelaskan Bagaimana menentukan nilai K awal dalam metode K Means Clustering?,
1,machine learning adalah cabang AI yang dimana komputer belajar dari data,10,Jelaskan apa yang dimaksud dengan Machine Learning?,
2,"- supervised learning → yaitu proses belajar belajar menggunakan data
memiliki label untuk melakukan prediksi
- supervised learning → yaitu proses belajar belajar menggunakan data
memiliki label untuk melakukan prediksi
- unsupervised learning →yaitu belajar dari data tanpa label untuk menemukan
pola atau mengelompokan
- Reicoment learning → yaitu model belajar melalui sistem reward dan punisment berdasarkan tindakan",10,Jelaskan jenis-jenis dari machine learning?,
3,data adalah sekumpulan data mentah yang belum diolah yang biasanya dilakukan untuk melakukan sebuah penelitian,10,Apa yang dimaksud dengan data?,
4,Dataset adalah sekumpulan data yang siap diolah untuk keperluan penelitian,10,Apa yang dimaksud dengan dataset?,
5,preprocesing dataset adalah proses pembersihan dataset sebelum melakukan training tujuanya adalah agar dataset tidak duplikat,10,Apa yang dimaksud dengan Preprocessing Dataset?,
6,"Augmanted dataset adalah teknik memamnipulasi dataset/memperbanyak dataset untuk keperluan sebuah peneltian, metodenya seperti smotee, flip, brighness",10,Jelaskan apa yang dimaksud dengan Augmented Dataset dan Berikan contoh metode yang digunakan untuk melakukan Augmented Dataset?,
7,"- algoritma regresison adalah pola belajar yang dimana ini untuk mengumpulkan data angka/numerik
- algoritma clustering adalah pengelompokan data menjadi kelompok/ claster
- algoritma clasification adalah teknik untuk memprediksi kategori class dari suatu data",10,"Jelaskan apa yang dimaksud dengan Algoritma Regression, Classification dan Clustering?",
8,"metode evaluasi yang sesuai untuk clustering adalah sihoute, score, davies pounding index
metode evaluasi regresi = MAE, MSE, R' score",10,"Jelaskan Metode evaluasi yang sesuai dengan algoritma Regression, Classification dan Clustering?",
1,Machine learning : Sebuah proses melatih komputer untuk dapat mengenali serta identifikasi sebuah objek,10,Jelaskan apa yang dimaksud dengan Machine Learning?,
2,"Jenis : 1. Supervised : Sebuah komputer belajar dari data yang sudah di labeli
2. unsupervised : sebuah komputer belajar dari data yang belum di labeli
3. reinforcement : sebuah komputer belajar berdasarkan punishment dan reward",10,Jelaskan jenis-jenis dari machine learning?,
3,Data ialah ingormasi dari sebuah objek yang berisikan karakteristik tertentu untuk dijadikan bahan belajar,0,Apa yang dimaksud dengan data?,
4,"dataset ialah sebuah set / bundle yang berisikan banyak dataset, saling keterkaitan, serta umumnya terdiri dari baris & kolom.",0,Apa yang dimaksud dengan dataset?,
5,"preprocessing Dataset ialah sebuah tahpan sebelum dataset digunakan untuk training seperti cleaning, Transformation, Intergration",10,Apa yang dimaksud dengan Preprocessing Dataset?,
6,"Augmented dataset ialaha proses memperbanyak dataset dengan cara duplikasi dengan sedikit perubahan pada data duplikat, seperti, crop, rotate ,mirror pada data gambar, sedangkan untuk teks bisa dengan synoim ataupun parafrasa",10,Jelaskan apa yang dimaksud dengan Augmented Dataset dan Berikan contoh metode yang digunakan untuk melakukan Augmented Dataset?,
7,"clustering : merupakan algoritma yang bertujuan menemukan korelasi antar dataset yang saling berdekatan
classification : merupakan algoritma yang bertujuan untuk menggolongkan sebeuah data masuk kedalam class mana
Regression : merupakan algoritma yang bertujuan untuk mengekstrak karakteristik dari sebuah data yang bersifat kontinu",5,"Jelaskan apa yang dimaksud dengan Algoritma Regression, Classification dan Clustering?",
8,"Regresi : ROE, R² Score, accuracy
Classification : correlation",5,"Jelaskan Metode evaluasi yang sesuai dengan algoritma Regression, Classification dan Clustering?",
9,"K- Means clustering : Dari sebuah titik tunggal sebagai pusat, lalu titik lainnya yang terdekat dianggap menjadi satu cluster dengan titik pusat.",0,Jelaskan bagaimana cara kerja metode K Means Clustering?,
10,K awal ditentukan dengan cara,0,Jelaskan Bagaimana menentukan nilai K awal dalam metode K Means Clustering?,
1,machine learning adalah cabang AI yang dimana komputer belajar dari data dan menghasilkan sebuah prediksi atau keputusan,10,Jelaskan apa yang dimaksud dengan Machine Learning?,
2,"jenis-jenis machine learning
- Random forest
-SVM
- CNN",0,Jelaskan jenis-jenis dari machine learning?,
3,"Data adalah sebuah informasi mentah berupa angka, teks, atau gambar yang belum diolah dan tidak memiliki arti",5,Apa yang dimaksud dengan data?,
4,Dataset adalah kumpulan data yang terstruktur dan saling terkait dan digunakan untk melatih atau testing model Ml,10,Apa yang dimaksud dengan dataset?,
5,preprocessing Dataset adalah proses membersihkan dan mengganti data mentah menjadi format yang siap dipakai contoh sperti data gambar yang diubah menjadi data numerik sehingga komputer lebih mudah untuk dikenali komputer,10,Apa yang dimaksud dengan Preprocessing Dataset?,
6,Augmented dataset adalah proses memperbanyak jumlah data dari hasil klasifikasi dari data asli contoh metodenya adalah smotee,0,Jelaskan apa yang dimaksud dengan Augmented Dataset dan Berikan contoh metode yang digunakan untuk melakukan Augmented Dataset?,
7,"regression adalah algoritmat yang digunakan untuk menghasilkan sebuah nilai dari sebuah data
classification adalah algoritma yang digunakan untuk mengklasifikasi sebuah kelas atau kategori/ classificasi digunakan untuk menentukan sebuah label dari data baru berdasarka kategori atau label yang sudah ada
clustering adalah proses pengelompokan sebuah data yang memiliki kemiripan yang sangat mirip kedalam sebuah kelompok yang di sebut cluster",5,"Jelaskan apa yang dimaksud dengan Algoritma Regression, Classification dan Clustering?",
8,"Metode evaluasi yang sesuai dengan algoritma regression, classfication, dan clustering :
- recall
- F1- Score
- Classification Report
- Confusion Matrix
- MSE
- MAE",10,"Jelaskan Metode evaluasi yang sesuai dengan algoritma Regression, Classification dan Clustering?",
9,"cara kerja K-MEANS clustering
- Menciptakan titik awal
- mencari atau memprediksi titik terdekat dengan titik awal
- mengumpulkan atau mengelompokkan titik terdekat dengantitik awal sehingga menjadi sebuah cluster",10,Jelaskan bagaimana cara kerja metode K Means Clustering?,
10,"cara menentukan nilai k awal :
1. menyebarkan beberapa titik k awal pada sebuah kelompok atau lingkaran
2. menetpakan titik k awal pada titik yang tersebar atau dengan titik yang paling banyak atau paling dekat dengan titik -titik yang tersebar",0,Jelaskan Bagaimana menentukan nilai K awal dalam metode K Means Clustering?,
